"BGC","B2","C4","D6"
"BAFAun","BAFAun/00","BAFAun/00","BAFAun/00"
"BAFAunp","BAFAunp/00","BAFAunp/00","BAFAunp/00"
"BGdh_OR","BGdh_OR/Gg1","BGdh_OR/Gg2","BGdh_OR/111"
"BGdw_WA","BGdw_WA/Gg","BGdw_WA/Gg","BGdw_WA/111"
"BGmk_MT","BGmk_MT/Gg1","BGmk_MT/Gg2","BGmk_MT/111"
"BGmm_MT","BGmm_MT/Gg1","BGmm_MT/Gg2","BGmm_MT/111"
"BGmw_WA","BGmw_WA/Gg","BGmw_WA/Gg","BGmw_WA/111"
"BGwm_WA","BGwm_WA/Gg","BGwm_WA/Gg","BGwm_WA/111"
"BGxh_WA","BGxh_WA/Gg1","BGxh_WA/Gg2","BGxh_WA/111"
"BGxh1","BGxh1/Gg","BGxh1/Gg","BGxh1/06"
"BGxh2","BGxh2/Gg","BGxh2/Gs","BGxh2/07"
"BGxh3","BGxh3/Gg","BGxh3/Gg","BGxh3/112"
"BGxw1","BGxw1/04","BGxw1/01","BGxw1/08"
"BGxw2","BGxw2/Gg","BGxw2/Gg","BGxw2/115"
"BSJPap","BSJPap/a","BSJPap/b","BSJPap/e"
"BSJPku","BSJPku/a","BSJPku/b","BSJPku/e"
"BSJPpa","BSJPpa/a","BSJPpa/b","BSJPpa/e"
"BWBScm","BWBScm/a","BWBScm/d","BWBScm/f"
"BWBSdk","BWBSdk/102","BWBSdk/101","BWBSdk/110"
"BWBSdm","BWBSdm/a","BWBSdm/d","BWBSdm/f"
"BWBSlb","BWBSlb/a","BWBSlb/d","BWBSlb/f"
"BWBSlf","BWBSlf/b","BWBSlf/e","BWBSlf/i"
"BWBSmk","BWBSmk/102","BWBSmk/101","BWBSmk/110"
"BWBSmw","BWBSmw/102","BWBSmw/101","BWBSmw/111"
"BWBSnm","BWBSnm/b","BWBSnm/d","BWBSnm/f"
"BWBSpp","BWBSpp/a","BWBSpp/d","BWBSpp/f"
"BWBSub","BWBSub/a","BWBSub/d","BWBSub/f"
"BWBSuf","BWBSuf/b","BWBSuf/e","BWBSuf/j"
"BWBSvk","BWBSvk/d","BWBSvk/m","BWBSvk/h"
"BWBSwk1","BWBSwk1/102","BWBSwk1/101","BWBSwk1/110"
"BWBSwk2","BWBSwk2/102","BWBSwk2/101","BWBSwk2/111"
"BWBSwk3","BWBSwk3/102","BWBSwk3/101","BWBSwk3/110"
"CCHun_CA","CCHun_CA/Gs","CCHun_CA/101","CCHun_CA/111"
"CDFmm","CDFmm/01","CDFmm/01","CDFmm/06"
"CDFmm_OR","CDFmm_OR/103","CDFmm_OR/101","CDFmm_OR/113"
"CDFmm_WA","CDFmm_WA/103","CDFmm_WA/101","CDFmm_WA/113"
"CDFxm_CA","CDFxm_CA/103","CDFxm_CA/101","CDFxm_CA/113"
"CMAun","CMAun/00","CMAun/00","CMAun/00"
"CMAun_CA","CMAun_CA/00","CMAun_CA/00","CMAun_CA/00"
"CMAun_OR","CMAun_OR/00","CMAun_OR/00","CMAun_OR/00"
"CMAun_WA","CMAun_WA/00","CMAun_WA/00","CMAun_WA/00"
"CMAunp","CMAunp/00","CMAunp/00","CMAunp/00"
"CMAwh","CMAwh/00","CMAwh/00","CMAwh/00"
"CMXdm_OR","CMXdm_OR/103","CMXdm_OR/101","CMXdm_OR/113"
"CMXwm_OR","CMXwm_OR/103","CMXwm_OR/101","CMXwm_OR/113"
"CMXxm_CA","CMXxm_CA/103","CMXxm_CA/101","CMXxm_CA/113"
"CRFdh_CA","CRFdh_CA/103","CRFdh_CA/101","CRFdh_CA/111"
"CVGdm_CA","CVGdm_CA/Gg","CVGdm_CA/Gg","CVGdm_CA/111"
"CWFds_CA","CWFds_CA/102","CWFds_CA/101","CWFds_CA/110"
"CWFmm_OR","CWFmm_OR/103","CWFmm_OR/101","CWFmm_OR/113"
"CWFwm_OR","CWFwm_OR/103","CWFwm_OR/101","CWFwm_OR/113"
"CWHdm","CWHdm/03","CWHdm/01","CWHdm/07"
"CWHdm_OR","CWHdm_OR/103","CWHdm_OR/101","CWHdm_OR/113"
"CWHdm_WA","CWHdm_WA/103","CWHdm_WA/101","CWHdm_WA/113"
"CWHds_WA","CWHds_WA/103","CWHds_WA/101","CWHds_WA/113"
"CWHds1","CWHds1/03","CWHds1/01","CWHds1/07"
"CWHds2","CWHds2/03","CWHds2/01","CWHds2/07"
"CWHmh_OR","CWHmh_OR/103","CWHmh_OR/101","CWHmh_OR/113"
"CWHmm1","CWHmm1/03","CWHmm1/01","CWHmm1/07"
"CWHmm2","CWHmm2/03","CWHmm2/01","CWHmm2/08"
"CWHms_OR","CWHms_OR/103","CWHms_OR/101","CWHms_OR/113"
"CWHms_WA","CWHms_WA/103","CWHms_WA/101","CWHms_WA/113"
"CWHms1","CWHms1/03","CWHms1/01","CWHms1/06"
"CWHms2","CWHms2/03","CWHms2/01","CWHms2/06"
"CWHvh_WA","CWHvh_WA/103","CWHvh_WA/101","CWHvh_WA/113"
"CWHvh1","CWHvh1/03","CWHvh1/01","CWHvh1/07"
"CWHvh2","CWHvh2/03","CWHvh2/01","CWHvh2/07"
"CWHvh3","CWHvh3/102","CWHvh3/101","CWHvh3/117"
"CWHvm_OR","CWHvm_OR/103","CWHvm_OR/101","CWHvm_OR/113"
"CWHvm_WA","CWHvm_WA/103","CWHvm_WA/101","CWHvm_WA/113"
"CWHvm1","CWHvm1/03","CWHvm1/01","CWHvm1/08"
"CWHvm2","CWHvm2/03","CWHvm2/01","CWHvm2/08"
"CWHwh_WA","CWHwh_WA/103","CWHwh_WA/101","CWHwh_WA/113"
"CWHwh1","CWHwh1/102","CWHwh1/101","CWHwh1/116"
"CWHwh2","CWHwh2/101","CWHwh2/101","CWHwh2/112"
"CWHwm","CWHwm/02","CWHwm/01","CWHwm/04"
"CWHws1","CWHws1/03","CWHws1/01","CWHws1/06"
"CWHws2","CWHws2/03","CWHws2/01","CWHws2/06"
"CWHxm_OR","CWHxm_OR/103","CWHxm_OR/101","CWHxm_OR/113"
"CWHxm_WA","CWHxm_WA/103","CWHxm_WA/101","CWHxm_WA/113"
"CWHxm1","CWHxm1/03","CWHxm1/01","CWHxm1/07"
"CWHxm2","CWHxm2/03","CWHxm2/01","CWHxm2/07"
"ESSFab","ESSFab/b","ESSFab/d","ESSFab/g"
"ESSFdc1","ESSFdc1/102","ESSFdc1/101","ESSFdc1/111"
"ESSFdc2","ESSFdc2/04","ESSFdc2/01","ESSFdc2/08"
"ESSFdc3","ESSFdc3/04","ESSFdc3/01","ESSFdc3/08"
"ESSFdcp","ESSFdcp/00","ESSFdcp/00","ESSFdcp/00"
"ESSFdcw","ESSFdcw/102","ESSFdcw/101","ESSFdcw/110"
"ESSFdh_WA","ESSFdh_WA/103","ESSFdh_WA/101","ESSFdh_WA/111"
"ESSFdk_MT","ESSFdk_MT/102","ESSFdk_MT/101","ESSFdk_MT/111"
"ESSFdk1","ESSFdk1/103","ESSFdk1/101","ESSFdk1/111"
"ESSFdk2","ESSFdk2/103","ESSFdk2/101","ESSFdk2/112"
"ESSFdkp","ESSFdkp/00","ESSFdkp/00","ESSFdkp/00"
"ESSFdkp_MT","ESSFdkp_MT/00","ESSFdkp_MT/00","ESSFdkp_MT/00"
"ESSFdkw","ESSFdkw/103","ESSFdkw/101","ESSFdkw/110"
"ESSFdm_ID","ESSFdm_ID/103","ESSFdm_ID/101","ESSFdm_ID/111"
"ESSFdmp_ID","ESSFdmp_ID/00","ESSFdmp_ID/00","ESSFdmp_ID/00"
"ESSFdv1","ESSFdv1/03","ESSFdv1/01","ESSFdv1/05"
"ESSFdv2","ESSFdv2/03","ESSFdv2/01","ESSFdv2/05"
"ESSFdvp","ESSFdvp/00","ESSFdvp/00","ESSFdvp/00"
"ESSFdvw","ESSFdvw/03","ESSFdvw/01","ESSFdvw/05"
"ESSFmc","ESSFmc/03","ESSFmc/01","ESSFmc/07"
"ESSFmcp","ESSFmcp/00","ESSFmcp/00","ESSFmcp/00"
"ESSFmh","ESSFmh/103","ESSFmh/101","ESSFmh/111"
"ESSFmk","ESSFmk/02","ESSFmk/01","ESSFmk/05"
"ESSFmkp","ESSFmkp/00","ESSFmkp/00","ESSFmkp/00"
"ESSFmm1","ESSFmm1/03","ESSFmm1/01","ESSFmm1/06"
"ESSFmm2","ESSFmm2/03","ESSFmm2/01","ESSFmm2/05"
"ESSFmm3","ESSFmm3/103","ESSFmm3/101","ESSFmm3/111"
"ESSFmmp","ESSFmmp/00","ESSFmmp/00","ESSFmmp/00"
"ESSFmmw","ESSFmmw/03","ESSFmmw/01","ESSFmmw/06"
"ESSFmv1","ESSFmv1/02","ESSFmv1/01","ESSFmv1/04"
"ESSFmv2","ESSFmv2/02","ESSFmv2/01","ESSFmv2/06"
"ESSFmv3","ESSFmv3/02","ESSFmv3/01","ESSFmv3/06"
"ESSFmv4","ESSFmv4/02","ESSFmv4/01","ESSFmv4/05"
"ESSFmvp","ESSFmvp/00","ESSFmvp/00","ESSFmvp/00"
"ESSFmw","ESSFmw/03","ESSFmw/01","ESSFmw/07"
"ESSFmw_WA","ESSFmw_WA/103","ESSFmw_WA/101","ESSFmw_WA/111"
"ESSFmw1","ESSFmw1/03","ESSFmw1/01","ESSFmw1/07"
"ESSFmw2","ESSFmw2/03","ESSFmw2/01","ESSFmw2/07"
"ESSFmwp","ESSFmwp/00","ESSFmwp/00","ESSFmwp/00"
"ESSFmwp_WA","ESSFmwp_WA/00","ESSFmwp_WA/00","ESSFmwp_WA/00"
"ESSFmww","ESSFmww/03","ESSFmww/01","ESSFmww/07"
"ESSFun","ESSFun/d","ESSFun/m","ESSFun/h"
"ESSFunp","ESSFunp/00","ESSFunp/00","ESSFunp/00"
"ESSFvc","ESSFvc/03","ESSFvc/01","ESSFvc/05"
"ESSFvcp","ESSFvcp/00","ESSFvcp/00","ESSFvcp/00"
"ESSFvcw","ESSFvcw/03","ESSFvcw/01","ESSFvcw/05"
"ESSFvh_ID","ESSFvh_ID/103","ESSFvh_ID/101","ESSFvh_ID/111"
"ESSFwc2","ESSFwc2/04","ESSFwc2/01","ESSFwc2/08"
"ESSFwc3","ESSFwc3/02","ESSFwc3/01","ESSFwc3/03"
"ESSFwc4","ESSFwc4/103","ESSFwc4/101","ESSFwc4/111"
"ESSFwcp","ESSFwcp/00","ESSFwcp/00","ESSFwcp/00"
"ESSFwcw","ESSFwcw/103","ESSFwcw/101","ESSFwcw/110"
"ESSFwh_MT","ESSFwh_MT/102","ESSFwh_MT/101","ESSFwh_MT/111"
"ESSFwh1","ESSFwh1/103","ESSFwh1/101","ESSFwh1/110"
"ESSFwh2","ESSFwh2/103","ESSFwh2/101","ESSFwh2/111"
"ESSFwh3","ESSFwh3/103","ESSFwh3/101","ESSFwh3/111"
"ESSFwk1","ESSFwk1/03","ESSFwk1/01","ESSFwk1/07"
"ESSFwk2","ESSFwk2/02","ESSFwk2/01","ESSFwk2/06"
"ESSFwm_MT","ESSFwm_MT/103","ESSFwm_MT/101","ESSFwm_MT/111"
"ESSFwm1","ESSFwm1/103","ESSFwm1/101","ESSFwm1/111"
"ESSFwm2","ESSFwm2/103","ESSFwm2/101","ESSFwm2/111"
"ESSFwm3","ESSFwm3/103","ESSFwm3/101","ESSFwm3/111"
"ESSFwm4","ESSFwm4/102","ESSFwm4/101","ESSFwm4/111"
"ESSFwmp","ESSFwmp/00","ESSFwmp/00","ESSFwmp/00"
"ESSFwmp_MT","ESSFwmp_MT/00","ESSFwmp_MT/00","ESSFwmp_MT/00"
"ESSFwmw","ESSFwmw/103","ESSFwmw/101","ESSFwmw/110"
"ESSFwv","ESSFwv/03","ESSFwv/01","ESSFwv/06"
"ESSFwvp","ESSFwvp/00","ESSFwvp/00","ESSFwvp/00"
"ESSFxc_CO","ESSFxc_CO/103","ESSFxc_CO/101","ESSFxc_CO/111"
"ESSFxc_WA","ESSFxc_WA/103","ESSFxc_WA/101","ESSFxc_WA/111"
"ESSFxc1","ESSFxc1/05","ESSFxc1/01","ESSFxc1/08"
"ESSFxc2","ESSFxc2/05","ESSFxc2/01","ESSFxc2/08"
"ESSFxc3","ESSFxc3/05","ESSFxc3/01","ESSFxc3/08"
"ESSFxcp","ESSFxcp/00","ESSFxcp/00","ESSFxcp/00"
"ESSFxcp_CO","ESSFxcp_CO/00","ESSFxcp_CO/00","ESSFxcp_CO/00"
"ESSFxcp_WA","ESSFxcp_WA/00","ESSFxcp_WA/00","ESSFxcp_WA/00"
"ESSFxcw","ESSFxcw/05","ESSFxcw/01","ESSFxcw/08"
"ESSFxh_WA","ESSFxh_WA/103","ESSFxh_WA/101","ESSFxh_WA/111"
"ESSFxk_MT","ESSFxk_MT/103","ESSFxk_MT/101","ESSFxk_MT/111"
"ESSFxk_UT","ESSFxk_UT/103","ESSFxk_UT/101","ESSFxk_UT/111"
"ESSFxkp_MT","ESSFxkp_MT/00","ESSFxkp_MT/00","ESSFxkp_MT/00"
"ESSFxkp_UT","ESSFxkp_UT/00","ESSFxkp_UT/00","ESSFxkp_UT/00"
"ESSFxv1","ESSFxv1/02","ESSFxv1/01","ESSFxv1/09"
"ESSFxv2","ESSFxv2/02","ESSFxv2/01","ESSFxv2/08"
"ESSFxvp","ESSFxvp/00","ESSFxvp/00","ESSFxvp/00"
"ESSFxvw","ESSFxvw/02","ESSFxvw/01","ESSFxvw/09"
"ESSFxw_OR","ESSFxw_OR/103","ESSFxw_OR/101","ESSFxw_OR/111"
"ESSFxwp_OR","ESSFxwp_OR/00","ESSFxwp_OR/00","ESSFxwp_OR/00"
"FGff","FGff/00","FGff/00","FGff/00"
"FGnf","FGnf/00","FGnf/00","FGnf/00"
"GBDdw_UT","GBDdw_UT/Gg","GBDdw_UT/Gg","GBDdw_UT/111"
"GBDxh_NV","GBDxh_NV/Gg","GBDxh_NV/Gs","GBDxh_NV/111"
"GBDxx_UT","GBDxx_UT/Gg","GBDxx_UT/Gs","GBDxx_UT/111"
"GOun_CO","GOun_CO/102","GOun_CO/101","GOun_CO/111"
"ICHdh_ID","ICHdh_ID/103","ICHdh_ID/101","ICHdh_ID/113"
"ICHdk","ICHdk/02","ICHdk/01","ICHdk/08"
"ICHdm","ICHdm/102","ICHdm/101","ICHdm/111"
"ICHdw_ID","ICHdw_ID/103","ICHdw_ID/101","ICHdw_ID/113"
"ICHdw1","ICHdw1/102","ICHdw1/101","ICHdw1/111"
"ICHdw3","ICHdw3/102","ICHdw3/101","ICHdw3/111"
"ICHdw4","ICHdw4/102","ICHdw4/101","ICHdw4/110"
"ICHmc1","ICHmc1/02","ICHmc1/01","ICHmc1/04"
"ICHmc1a","ICHmc1a/01","ICHmc1a/01","ICHmc1a/03"
"ICHmc2","ICHmc2/02","ICHmc2/01","ICHmc2/05"
"ICHmh_MT","ICHmh_MT/103","ICHmh_MT/101","ICHmh_MT/113"
"ICHmk1","ICHmk1/03","ICHmk1/01","ICHmk1/06"
"ICHmk2","ICHmk2/03","ICHmk2/01","ICHmk2/05"
"ICHmk3","ICHmk3/03","ICHmk3/01","ICHmk3/06"
"ICHmk4","ICHmk4/102","ICHmk4/101","ICHmk4/111"
"ICHmk5","ICHmk5/103","ICHmk5/101","ICHmk5/110"
"ICHmm","ICHmm/03","ICHmm/01","ICHmm/05"
"ICHmw_MT","ICHmw_MT/103","ICHmw_MT/101","ICHmw_MT/113"
"ICHmw1","ICHmw1/03","ICHmw1/01","ICHmw1/07"
"ICHmw2","ICHmw2/103","ICHmw2/101","ICHmw2/111"
"ICHmw3","ICHmw3/03","ICHmw3/01","ICHmw3/07"
"ICHmw4","ICHmw4/103","ICHmw4/101","ICHmw4/112"
"ICHmw5","ICHmw5/103","ICHmw5/101","ICHmw5/111"
"ICHvc","ICHvc/02","ICHvc/01","ICHvc/04"
"ICHvk_ID","ICHvk_ID/103","ICHvk_ID/101","ICHvk_ID/113"
"ICHvk1","ICHvk1/03","ICHvk1/01","ICHvk1/05"
"ICHvk2","ICHvk2/03","ICHvk2/01","ICHvk2/05"
"ICHwc","ICHwc/02","ICHwc/01","ICHwc/08"
"ICHwk1","ICHwk1/02","ICHwk1/01","ICHwk1/06"
"ICHwk2","ICHwk2/02","ICHwk2/01","ICHwk2/08"
"ICHwk3","ICHwk3/03","ICHwk3/01","ICHwk3/06"
"ICHwk4","ICHwk4/02","ICHwk4/01","ICHwk4/08"
"ICHxw","ICHxw/103","ICHxw/101","ICHxw/111"
"ICHxw_WA","ICHxw_WA/103","ICHxw_WA/101","ICHxw_WA/113"
"ICHxwa","ICHxwa/103","ICHxwa/101","ICHxwa/111"
"IDFdc","IDFdc/03","IDFdc/01","IDFdc/06"
"IDFdh_MT","IDFdh_MT/103","IDFdh_MT/101","IDFdh_MT/113"
"IDFdh_UT","IDFdh_UT/102","IDFdh_UT/101","IDFdh_UT/113"
"IDFdh_WA","IDFdh_WA/103","IDFdh_WA/101","IDFdh_WA/113"
"IDFdk_MT","IDFdk_MT/103","IDFdk_MT/101","IDFdk_MT/113"
"IDFdk_WA","IDFdk_WA/103","IDFdk_WA/101","IDFdk_WA/113"
"IDFdk1","IDFdk1/03","IDFdk1/01","IDFdk1/06"
"IDFdk2","IDFdk2/03","IDFdk2/01","IDFdk2/06"
"IDFdk3","IDFdk3/05","IDFdk3/01","IDFdk3/09"
"IDFdk4","IDFdk4/03","IDFdk4/01","IDFdk4/10"
"IDFdk5","IDFdk5/103","IDFdk5/101","IDFdk5/110"
"IDFdm_MT","IDFdm_MT/103","IDFdm_MT/101","IDFdm_MT/113"
"IDFdm_WA","IDFdm_WA/103","IDFdm_WA/101","IDFdm_WA/113"
"IDFdm1","IDFdm1/03","IDFdm1/01","IDFdm1/06"
"IDFdm2","IDFdm2/103","IDFdm2/101","IDFdm2/111"
"IDFdw","IDFdw/d","IDFdw/01","IDFdw/h"
"IDFdx_MT","IDFdx_MT/102","IDFdx_MT/101","IDFdx_MT/113"
"IDFmw1","IDFmw1/03","IDFmw1/01","IDFmw1/06"
"IDFmw2","IDFmw2/03","IDFmw2/01","IDFmw2/04"
"IDFww","IDFww/03","IDFww/01","IDFww/06"
"IDFww1","IDFww1/03","IDFww1/01","IDFww1/06"
"IDFxc","IDFxc/03","IDFxc/01","IDFxc/08"
"IDFxh_ID","IDFxh_ID/102","IDFxh_ID/101","IDFxh_ID/113"
"IDFxh_WA","IDFxh_WA/103","IDFxh_WA/101","IDFxh_WA/113"
"IDFxh1","IDFxh1/04","IDFxh1/01","IDFxh1/08"
"IDFxh2","IDFxh2/04","IDFxh2/01","IDFxh2/08"
"IDFxh4","IDFxh4/04","IDFxh4/01","IDFxh4/08"
"IDFxk","IDFxk/102","IDFxk/101","IDFxk/112"
"IDFxm","IDFxm/02","IDFxm/01","IDFxm/08"
"IDFxm_CO","IDFxm_CO/102","IDFxm_CO/101","IDFxm_CO/113"
"IDFxw","IDFxw/03","IDFxw/01","IDFxw/07"
"IDFxx_MT","IDFxx_MT/Gg","IDFxx_MT/101","IDFxx_MT/113"
"IDFxx_WA","IDFxx_WA/103","IDFxx_WA/101","IDFxx_WA/113"
"IDFxx1","IDFxx1/03","IDFxx1/01","IDFxx1/06"
"IDFxx2","IDFxx2/103","IDFxx2/101","IDFxx2/112"
"IGFdk_WA","IGFdk_WA/103","IGFdk_WA/101","IGFdk_WA/113"
"IGFdw_OR","IGFdw_OR/103","IGFdw_OR/101","IGFdw_OR/113"
"IGFmm_OR","IGFmm_OR/103","IGFmm_OR/101","IGFmm_OR/113"
"IMAab","IMAab/00","IMAab/00","IMAab/00"
"IMAun","IMAun/00","IMAun/00","IMAun/00"
"IMAun_CO","IMAun_CO/00","IMAun_CO/00","IMAun_CO/00"
"IMAun_MT","IMAun_MT/00","IMAun_MT/00","IMAun_MT/00"
"IMAun_WA","IMAun_WA/00","IMAun_WA/00","IMAun_WA/00"
"IMAun_WY","IMAun_WY/00","IMAun_WY/00","IMAun_WY/00"
"IMAunp","IMAunp/00","IMAunp/00","IMAunp/00"
"IWFdm_CO","IWFdm_CO/102","IWFdm_CO/101","IWFdm_CO/113"
"IWFdw_OR","IWFdw_OR/103","IWFdw_OR/101","IWFdw_OR/113"
"IWFxk_NV","IWFxk_NV/103","IWFxk_NV/101","IWFxk_NV/111"
"IWFxm_CA","IWFxm_CA/103","IWFxm_CA/101","IWFxm_CA/112"
"JPWdm_WY","JPWdm_WY/Gg","JPWdm_WY/101","JPWdm_WY/113"
"JPWdw_UT","JPWdw_UT/103","JPWdw_UT/101","JPWdw_UT/113"
"JPWmk_WY","JPWmk_WY/103","JPWmk_WY/101","JPWmk_WY/113"
"JPWwm_CO","JPWwm_CO/103","JPWwm_CO/101","JPWwm_CO/113"
"JPWxh_CA","JPWxh_CA/103","JPWxh_CA/101","JPWxh_CA/111"
"JPWxw_NV","JPWxw_NV/103","JPWxw_NV/101","JPWxw_NV/113"
"MDCHun_NV","MDCHun_NV/Gg","MDCHun_NV/Gg","MDCHun_NV/110"
"MGPdm","MGPdm/00","MGPdm/00","MGPdm/00"
"MGPmg","MGPmg/00","MGPmg/00","MGPmg/00"
"MGPmw_MT","MGPmw_MT/Gg","MGPmw_MT/Gg","MGPmw_MT/111"
"MHdm_OR","MHdm_OR/103","MHdm_OR/101","MHdm_OR/113"
"MHds_OR","MHds_OR/103","MHds_OR/101","MHds_OR/113"
"MHmm_WA","MHmm_WA/102","MHmm_WA/101","MHmm_WA/113"
"MHmm1","MHmm1/01","MHmm1/01","MHmm1/07"
"MHmm2","MHmm2/01","MHmm2/01","MHmm2/07"
"MHmmp","MHmmp/d","MHmmp/m","MHmmp/h"
"MHmmp_WA","MHmmp_WA/00","MHmmp_WA/00","MHmmp_WA/00"
"MHms_WA","MHms_WA/103","MHms_WA/101","MHms_WA/113"
"MHmsp_WA","MHmsp_WA/00","MHmsp_WA/00","MHmsp_WA/00"
"MHRFdm_OR","MHRFdm_OR/102","MHRFdm_OR/101","MHRFdm_OR/110"
"MHRFds_CA","MHRFds_CA/102","MHRFds_CA/101","MHRFds_CA/110"
"MHRFdsp_CA","MHRFdsp_CA/00","MHRFdsp_CA/00","MHRFdsp_CA/00"
"MHRFmm_OR","MHRFmm_OR/102","MHRFmm_OR/101","MHRFmm_OR/110"
"MHRFmmp_OR","MHRFmmp_OR/00","MHRFmmp_OR/00","MHRFmmp_OR/00"
"MHun","MHun/d","MHun/m","MHun/h"
"MHunp","MHunp/00","MHunp/00","MHunp/00"
"MHwh","MHwh/101","MHwh/101","MHwh/111"
"MHwh1","MHwh1/01","MHwh1/01","MHwh1/07"
"MHwhp","MHwhp/00","MHwhp/00","MHwhp/00"
"MSab","MSab/a","MSab/c","MSab/f"
"MSdc1","MSdc1/03","MSdc1/01","MSdc1/04"
"MSdc2","MSdc2/03","MSdc2/01","MSdc2/08"
"MSdc3","MSdc3/03","MSdc3/01","MSdc3/04"
"MSdh_UT","MSdh_UT/103","MSdh_UT/101","MSdh_UT/111"
"MSdh_WY","MSdh_WY/103","MSdh_WY/101","MSdh_WY/113"
"MSdk","MSdk/102","MSdk/101","MSdk/111"
"MSdk_CO","MSdk_CO/103","MSdk_CO/101","MSdk_CO/113"
"MSdm_WA","MSdm_WA/103","MSdm_WA/101","MSdm_WA/113"
"MSdm1","MSdm1/03","MSdm1/01","MSdm1/06"
"MSdm2","MSdm2/03","MSdm2/01","MSdm2/06"
"MSdm3","MSdm3/03","MSdm3/01","MSdm3/06"
"MSdv","MSdv/02","MSdv/01","MSdv/09"
"MSdw","MSdw/103","MSdw/101","MSdw/111"
"MSdw_MT","MSdw_MT/103","MSdw_MT/101","MSdw_MT/113"
"MSmm_ID","MSmm_ID/103","MSmm_ID/101","MSmm_ID/113"
"MSmw1","MSmw1/03","MSmw1/01","MSmw1/06"
"MSmw2","MSmw2/03","MSmw2/01","MSmw2/06"
"MSSDun_NV","MSSDun_NV/Gg","MSSDun_NV/Gg","MSSDun_NV/111"
"MSxh_OR","MSxh_OR/103","MSxh_OR/101","MSxh_OR/113"
"MSxk_WA","MSxk_WA/103","MSxk_WA/101","MSxk_WA/113"
"MSxk1","MSxk1/02","MSxk1/01","MSxk1/08"
"MSxk2","MSxk2/02","MSxk2/01","MSxk2/08"
"MSxk3","MSxk3/02","MSxk3/01","MSxk3/08"
"MSxm_CO","MSxm_CO/103","MSxm_CO/101","MSxm_CO/113"
"MSxv","MSxv/02","MSxv/01","MSxv/08"
"MSxx_NV","MSxx_NV/103","MSxx_NV/101","MSxx_NV/111"
"OWun_CA","OWun_CA/103","OWun_CA/101","OWun_CA/111"
"PPmx_WY","PPmx_WY/102","PPmx_WY/101","PPmx_WY/113"
"PPxh_CO","PPxh_CO/102","PPxh_CO/101","PPxh_CO/113"
"PPxh_WA","PPxh_WA/102","PPxh_WA/101","PPxh_WA/113"
"PPxh1","PPxh1/03","PPxh1/01","PPxh1/08"
"PPxh2","PPxh2/03","PPxh2/01","PPxh2/07"
"PPxh3","PPxh3/03","PPxh3/01","PPxh3/06"
"PPxk_OR","PPxk_OR/102","PPxk_OR/101","PPxk_OR/113"
"PPxm_OR","PPxm_OR/Gg","PPxm_OR/101","PPxm_OR/113"
"PPxw_MT","PPxw_MT/102","PPxw_MT/101","PPxw_MT/113"
"PPxx_OR","PPxx_OR/102","PPxx_OR/101","PPxx_OR/113"
"SASbo","SASbo/a","SASbo/c","SASbo/d"
"SBAPcp","SBAPcp/d","SBAPcp/m","SBAPcp/h"
"SBAPfp","SBAPfp/d","SBAPfp/m","SBAPfp/h"
"SBPSdc","SBPSdc/02","SBPSdc/01","SBPSdc/06"
"SBPSmc","SBPSmc/02","SBPSmc/01","SBPSmc/05"
"SBPSmk","SBPSmk/03","SBPSmk/01","SBPSmk/07"
"SBPSxc","SBPSxc/02","SBPSxc/01","SBPSxc/06"
"SBSdh1","SBSdh1/02","SBSdh1/01","SBSdh1/07"
"SBSdh2","SBSdh2/02","SBSdh2/01","SBSdh2/07"
"SBSdk","SBSdk/03","SBSdk/01","SBSdk/07"
"SBSdw1","SBSdw1/03","SBSdw1/01","SBSdw1/09"
"SBSdw2","SBSdw2/03","SBSdw2/01","SBSdw2/09"
"SBSdw3","SBSdw3/02","SBSdw3/01","SBSdw3/08"
"SBSmc1","SBSmc1/02","SBSmc1/01","SBSmc1/08"
"SBSmc2","SBSmc2/02","SBSmc2/01","SBSmc2/09"
"SBSmc3","SBSmc3/03","SBSmc3/01","SBSmc3/08"
"SBSmh","SBSmh/03","SBSmh/01","SBSmh/07"
"SBSmk1","SBSmk1/04","SBSmk1/01","SBSmk1/08"
"SBSmk2","SBSmk2/02","SBSmk2/01","SBSmk2/06"
"SBSmm","SBSmm/02","SBSmm/01","SBSmm/08"
"SBSmw","SBSmw/03","SBSmw/01","SBSmw/08"
"SBSun","SBSun/d","SBSun/m","SBSun/h"
"SBSvk","SBSvk/02","SBSvk/01","SBSvk/07"
"SBSwk1","SBSwk1/03","SBSwk1/01","SBSwk1/09"
"SBSwk2","SBSwk2/02","SBSwk2/01","SBSwk2/06"
"SBSwk3","SBSwk3/02","SBSwk3/01","SBSwk3/08"
"SBSwk3a","SBSwk3a/02","SBSwk3a/01","SBSwk3a/07"
"SGPdm_CO","SGPdm_CO/Gg","SGPdm_CO/Gg","SGPdm_CO/111"
"SWBmk","SWBmk/02","SWBmk/01","SWBmk/08"
"SWBmks","SWBmks/00","SWBmks/00","SWBmks/00"
"SWBun","SWBun/d","SWBun/m","SWBun/h"
"SWBuns","SWBuns/00","SWBuns/00","SWBuns/00"
"SWBvk","SWBvk/d","SWBvk/m","SWBvk/h"
"SWBvks","SWBvks/00","SWBvks/00","SWBvks/00"
"WJPxm_OR","WJPxm_OR/103","WJPxm_OR/101","WJPxm_OR/111"
"CWHvm1_PR","CWHvm1_PR/03","CWHvm1_PR/01","CWHvm1_PR/08"
"MSab_N","MSab_N/a","MSab_N/c","MSab_N/f"
