BGC,Exlude
BAFAun,x
BAFAunp,x
BGxh1,x
BGxh2,x
BGxh3,x
BGxw1,x
BGxw2,x
BWBSdk,
BWBSmk,
BWBSmw,
BWBSvk,x
BWBSwk1,
BWBSwk2,
BWBSwk3,
CDFmm,
CMAun,x
CMAunp,x
CMAwh,x
CWHdm,
CWHds1,
CWHds2,
CWHmm1,
CWHmm2,
CWHms1,
CWHms2,
CWHvh1,
CWHvh2,
CWHvh3,
CWHvm1,
CWHvm2,
CWHwh1,
CWHwh2,
CWHwm,
CWHws1,
CWHws2,
CWHxm1,
CWHxm2,
ESSFdc1,
ESSFdc2,
ESSFdc3,
ESSFdcp,x
ESSFdcw,
ESSFdk1,
ESSFdk2,
ESSFdkp,x
ESSFdkw,
ESSFdv1,
ESSFdv2,
ESSFdvp,x
ESSFdvw,
ESSFmc,
ESSFmcp,x
ESSFmh,
ESSFmk,
ESSFmkp,x
ESSFmm1,
ESSFmm2,
ESSFmm3,
ESSFmmp,x
ESSFmmw,
ESSFmv1,
ESSFmv2,
ESSFmv3,
ESSFmv4,
ESSFmvp,x
ESSFmw,
ESSFmw1,
ESSFmw2,
ESSFmwp,x
ESSFmww,
ESSFun,
ESSFunp,x
ESSFvc,
ESSFvcp,x
ESSFvcw,
ESSFwc2,
ESSFwc3,
ESSFwc4,
ESSFwcp,x
ESSFwcw,
ESSFwh1,
ESSFwh2,
ESSFwh3,
ESSFwk1,
ESSFwk2,
ESSFwm1,
ESSFwm2,
ESSFwm3,
ESSFwm4,
ESSFwmp,x
ESSFwmw,
ESSFwv,
ESSFwvp,x
ESSFxc1,
ESSFxc2,
ESSFxc3,
ESSFxcp,x
ESSFxcw,
ESSFxv1,
ESSFxv2,
ESSFxvp,x
ESSFxvw,
ICHdk,
ICHdm,
ICHdw1,
ICHdw3,
ICHdw4,
ICHmc1,
ICHmc1a,
ICHmc2,
ICHmk1,
ICHmk2,
ICHmk3,
ICHmk4,
ICHmk5,
ICHmm,
ICHmw1,
ICHmw2,
ICHmw3,
ICHmw4,
ICHmw5,
ICHvc,
ICHvk1,
ICHvk2,
ICHwc,
ICHwk1,
ICHwk2,
ICHwk3,
ICHwk4,
ICHxw,
ICHxwa,
IDFdc,
IDFdk1,
IDFdk2,
IDFdk3,
IDFdk4,
IDFdk5,
IDFdm1,
IDFdm2,
IDFdw,
IDFmw1,
IDFmw2,
IDFww,
IDFww1,
IDFxc,
IDFxh1,
IDFxh2,
IDFxh4,
IDFxhz,x
IDFxk,
IDFxm,
IDFxw,
IDFxx2,
IMAun,x
IMAunp,x
MHmm1,
MHmm2,
MHmmp,x
MHun,x
MHunp,x
MHwh,
MHwh1,
MHwhp,x
MSdc1,
MSdc2,
MSdc3,
MSdk,
MSdm1,
MSdm2,
MSdm3,
MSdv,
MSdw,
MSmw1,
MSmw2,
MSxk1,
MSxk2,
MSxk3,
MSxv,
PPxh1,
PPxh2,
PPxh3,
SBPSdc,
SBPSmc,
SBPSmk,
SBPSxc,
SBSdh1,
SBSdh2,
SBSdk,
SBSdw1,
SBSdw2,
SBSdw3,
SBSmc1,
SBSmc2,
SBSmc3,
SBSmh,
SBSmk1,
SBSmk2,
SBSmm,
SBSmw,
SBSun,
SBSvk,x
SBSwk1,
SBSwk2,
SBSwk3,
SBSwk3a,
SWBmk,x
SWBmks,x
SWBun,x
SWBuns,x
SWBvk,x
SWBvks,x
